Nom,Type,Lien Source,État,Lien Final,Images no-bleed,Images bleed,Contact Panier Partagé,Commentaire
Face au Wendigo,Cycle 1,,,,FALSE,FALSE,,https://arkhamhorrorfr.forumactif.com/t2401-cycle-1-de-scenarios-fan-made
Jouet d'une Illusion,Cycle 1,,Autre,,FALSE,FALSE,,
Le Festival,Cycle 1,,,,FALSE,FALSE,,
Le Palais du Rire,Cycle 1,,,,FALSE,FALSE,,
Le Pont des Soupirs,Cycle 1,,,,FALSE,FALSE,,
Le Wyrm de Pensher,Cycle 1,,,,FALSE,FALSE,,
Les Seuils de la Croyance,Cycle 1,,,,FALSE,FALSE,,
Pulsions Cynégétiques,Cycle 1,,,,FALSE,FALSE,,
Investigateurs fan-made,Cycle 1,,,,FALSE,FALSE,,
Intercalaires,Cycle 1,,,,FALSE,FALSE,,
Désolation à Bord du Constellation,Cycle 2,,,,FALSE,FALSE,,https://arkhamhorrorfr.forumactif.com/t3034-cycle-2-de-scenarios-fan-made
La Symphonie d'Erich Zann,Cycle 2,,,,FALSE,FALSE,,
Les chiens de tindalos,Cycle 2,,,,FALSE,FALSE,,
Au bord du gouffre,Cycle 2,,,,FALSE,FALSE,,
Sang versé à salem,Cycle 2,,,,FALSE,FALSE,,
La couleur tombée du ciel,Cycle 2,,,,FALSE,FALSE,,
L'évènement de Svalbard,Cycle 2,,,,FALSE,FALSE,,
L’hôtel du grand chêne,Cycle 2,,,,FALSE,FALSE,,
Investigateurs fan-made,Cycle 2,,,,FALSE,FALSE,,
Intercalaires,Cycle 2,,,,FALSE,FALSE,,
Cartes joueurs lauréates du concours 2020,Cycle 2,,,,FALSE,FALSE,,
Au Coeur des Ténèbres,Cycle 3,,,,FALSE,FALSE,,https://discord.com/channels/443151671846109195/711513306069729330/1503888152237047819
La Maison Voodoo,Cycle 3,,,,FALSE,FALSE,,
Les Disparus de Killineq,Cycle 3,,,,FALSE,FALSE,,
Matière Noire,Campagne,,,,FALSE,FALSE,,https://discord.com/channels/443151671846109195/837579876701438002
Dimensions Étranges,Campagne,,,,FALSE,FALSE,,
L'Appel du Porte Peste,Campagne,,,,FALSE,FALSE,,
Fondations Cyclopéenes,Campagne,,,,FALSE,FALSE,,
La guerre des mondes,Cycle 8,,,,FALSE,FALSE,,https://discord.com/channels/443151671846109195/998284425177600042
La légende du cavalier sans tête,Cycle 8,,,,FALSE,FALSE,,
L'étrange cas du docteur Jekyll et Mr Hyde,Cycle 8,,,,FALSE,FALSE,,
Alice au Pays des Merveilles,Campagne,,,,FALSE,FALSE,,https://discord.com/channels/443151671846109195/977511254572814346
Les Ombres de Yog Sothoth,Campagne,,,,FALSE,FALSE,,
Renouveau Conspiration d'Innsmouth,,,,,FALSE,FALSE,,https://discord.com/channels/443151671846109195/1340972554558640189
Renouveau Dévoreurs des Rêves,,,,,FALSE,FALSE,,
Quête Onirique Étendue,,,,,FALSE,FALSE,,
Noel à Arkham,,,,,FALSE,FALSE,,
La Cité de l'Invisible,Campagne,,,,FALSE,FALSE,,
Circus Ex Mortis,Campagne,,,,FALSE,FALSE,,
L'ombre des Grands Anciens,Campagne,,,,FALSE,FALSE,,
Ages Unwound,Campagne,,,,FALSE,FALSE,,
,,,,,FALSE,FALSE,,
,,,,,FALSE,FALSE,,
,,,,,FALSE,FALSE,,
,,,,,FALSE,FALSE,,
,,,,,FALSE,FALSE,,
,,,,,FALSE,FALSE,,
,,,,,FALSE,FALSE,,
,,,,,FALSE,FALSE,,
,,,,,FALSE,FALSE,,
,,,,,FALSE,FALSE,,
,,,,,FALSE,FALSE,,
,,,,,FALSE,FALSE,,
,,,,,FALSE,FALSE,,
,,,,,FALSE,FALSE,,
,,,,,FALSE,FALSE,,
,,,,,FALSE,FALSE,,
,,,,,FALSE,FALSE,,
,,,,,FALSE,FALSE,,
,,,,,FALSE,FALSE,,
,,,,,FALSE,FALSE,,
,,,,,FALSE,FALSE,,
,,,,,FALSE,FALSE,,
,,,,,FALSE,FALSE,,
,,,,,FALSE,FALSE,,
,,,,,FALSE,FALSE,,
,,,,,FALSE,FALSE,,
,,,,,FALSE,FALSE,,
,,,,,FALSE,FALSE,,
,,,,,FALSE,FALSE,,
,,,,,FALSE,FALSE,,
,,,,,FALSE,FALSE,,
,,,,,FALSE,FALSE,,
,,,,,FALSE,FALSE,,
,,,,,FALSE,FALSE,,
,,,,,FALSE,FALSE,,
,,,,,FALSE,FALSE,,
,,,,,FALSE,FALSE,,
,,,,,FALSE,FALSE,,
,,,,,FALSE,FALSE,,
,,,,,FALSE,FALSE,,
,,,,,FALSE,FALSE,,
,,,,,FALSE,FALSE,,
,,,,,FALSE,FALSE,,
,,,,,FALSE,FALSE,,
,,,,,FALSE,FALSE,,
,,,,,FALSE,FALSE,,
,,,,,FALSE,FALSE,,
,,,,,FALSE,FALSE,,
,,,,,FALSE,FALSE,,
,,,,,FALSE,FALSE,,
,,,,,FALSE,FALSE,,
,,,,,FALSE,FALSE,,
,,,,,FALSE,FALSE,,
,,,,,FALSE,FALSE,,
,,,,,FALSE,FALSE,,
,,,,,FALSE,FALSE,,
,,,,,FALSE,FALSE,,
,,,,,FALSE,FALSE,,
,,,,,FALSE,FALSE,,
,,,,,FALSE,FALSE,,
,,,,,FALSE,FALSE,,
,,,,,FALSE,FALSE,,
,,,,,FALSE,FALSE,,
,,,,,FALSE,FALSE,,
,,,,,FALSE,FALSE,,
,,,,,FALSE,FALSE,,
,,,,,FALSE,FALSE,,
,,,,,FALSE,FALSE,,
,,,,,FALSE,FALSE,,
,,,,,FALSE,FALSE,,
,,,,,FALSE,FALSE,,
,,,,,FALSE,FALSE,,
,,,,,FALSE,FALSE,,
,,,,,FALSE,FALSE,,
,,,,,FALSE,FALSE,,
,,,,,FALSE,FALSE,,
,,,,,FALSE,FALSE,,
,,,,,FALSE,FALSE,,
,,,,,FALSE,FALSE,,
,,,,,FALSE,FALSE,,
,,,,,FALSE,FALSE,,
,,,,,FALSE,FALSE,,
,,,,,FALSE,FALSE,,
,,,,,FALSE,FALSE,,
,,,,,FALSE,FALSE,,
,,,,,FALSE,FALSE,,
,,,,,FALSE,FALSE,,
,,,,,FALSE,FALSE,,
,,,,,FALSE,FALSE,,
,,,,,FALSE,FALSE,,
,,,,,FALSE,FALSE,,
,,,,,FALSE,FALSE,,
,,,,,FALSE,FALSE,,
,,,,,FALSE,FALSE,,
,,,,,FALSE,FALSE,,
,,,,,FALSE,FALSE,,
,,,,,FALSE,FALSE,,
,,,,,FALSE,FALSE,,
,,,,,FALSE,FALSE,,
,,,,,FALSE,FALSE,,
,,,,,FALSE,FALSE,,
,,,,,FALSE,FALSE,,
,,,,,FALSE,FALSE,,
,,,,,FALSE,FALSE,,
,,,,,FALSE,FALSE,,
,,,,,FALSE,FALSE,,
,,,,,FALSE,FALSE,,
,,,,,FALSE,FALSE,,
,,,,,FALSE,FALSE,,
,,,,,FALSE,FALSE,,
,,,,,FALSE,FALSE,,
,,,,,FALSE,FALSE,,
,,,,,FALSE,FALSE,,
,,,,,FALSE,FALSE,,
,,,,,FALSE,FALSE,,
,,,,,FALSE,FALSE,,
,,,,,FALSE,FALSE,,
,,,,,FALSE,FALSE,,
,,,,,FALSE,FALSE,,
,,,,,FALSE,FALSE,,
,,,,,FALSE,FALSE,,
,,,,,FALSE,FALSE,,
,,,,,FALSE,FALSE,,
,,,,,FALSE,FALSE,,
,,,,,FALSE,FALSE,,
,,,,,FALSE,FALSE,,
,,,,,FALSE,FALSE,,
,,,,,FALSE,FALSE,,
,,,,,FALSE,FALSE,,
,,,,,FALSE,FALSE,,
,,,,,FALSE,FALSE,,
,,,,,FALSE,FALSE,,
,,,,,FALSE,FALSE,,
,,,,,FALSE,FALSE,,
,,,,,FALSE,FALSE,,
,,,,,FALSE,FALSE,,
,,,,,FALSE,FALSE,,
,,,,,FALSE,FALSE,,
,,,,,FALSE,FALSE,,
,,,,,FALSE,FALSE,,
,,,,,FALSE,FALSE,,
,,,,,FALSE,FALSE,,
,,,,,FALSE,FALSE,,
,,,,,FALSE,FALSE,,
,,,,,FALSE,FALSE,,
,,,,,FALSE,FALSE,,
,,,,,FALSE,FALSE,,
,,,,,FALSE,FALSE,,
,,,,,FALSE,FALSE,,
,,,,,FALSE,FALSE,,
,,,,,FALSE,FALSE,,
,,,,,FALSE,FALSE,,
,,,,,FALSE,FALSE,,
,,,,,FALSE,FALSE,,
,,,,,FALSE,FALSE,,
,,,,,FALSE,FALSE,,
,,,,,FALSE,FALSE,,
,,,,,FALSE,FALSE,,
,,,,,FALSE,FALSE,,
,,,,,FALSE,FALSE,,
,,,,,FALSE,FALSE,,
,,,,,FALSE,FALSE,,
,,,,,FALSE,FALSE,,
,,,,,FALSE,FALSE,,
,,,,,FALSE,FALSE,,
,,,,,FALSE,FALSE,,
,,,,,FALSE,FALSE,,
,,,,,FALSE,FALSE,,
,,,,,FALSE,FALSE,,
,,,,,FALSE,FALSE,,
,,,,,FALSE,FALSE,,
,,,,,FALSE,FALSE,,
,,,,,FALSE,FALSE,,
,,,,,FALSE,FALSE,,
,,,,,FALSE,FALSE,,
,,,,,FALSE,FALSE,,
,,,,,FALSE,FALSE,,
,,,,,FALSE,FALSE,,
,,,,,FALSE,FALSE,,
,,,,,FALSE,FALSE,,
,,,,,FALSE,FALSE,,
,,,,,FALSE,FALSE,,
,,,,,FALSE,FALSE,,
,,,,,FALSE,FALSE,,
,,,,,FALSE,FALSE,,
,,,,,FALSE,FALSE,,
,,,,,FALSE,FALSE,,
,,,,,FALSE,FALSE,,
,,,,,FALSE,FALSE,,
,,,,,FALSE,FALSE,,
,,,,,FALSE,FALSE,,
,,,,,FALSE,FALSE,,
,,,,,FALSE,FALSE,,
,,,,,FALSE,FALSE,,
,,,,,FALSE,FALSE,,
,,,,,FALSE,FALSE,,
,,,,,FALSE,FALSE,,
,,,,,FALSE,FALSE,,
,,,,,FALSE,FALSE,,
,,,,,FALSE,FALSE,,
,,,,,FALSE,FALSE,,
,,,,,FALSE,FALSE,,
,,,,,FALSE,FALSE,,
,,,,,FALSE,FALSE,,
,,,,,FALSE,FALSE,,
,,,,,FALSE,FALSE,,
,,,,,FALSE,FALSE,,
,,,,,FALSE,FALSE,,
,,,,,FALSE,FALSE,,
,,,,,FALSE,FALSE,,
,,,,,FALSE,FALSE,,
,,,,,FALSE,FALSE,,
,,,,,FALSE,FALSE,,
,,,,,FALSE,FALSE,,
,,,,,FALSE,FALSE,,
,,,,,FALSE,FALSE,,
,,,,,FALSE,FALSE,,
,,,,,FALSE,FALSE,,
,,,,,FALSE,FALSE,,
,,,,,FALSE,FALSE,,
,,,,,FALSE,FALSE,,
,,,,,FALSE,FALSE,,
,,,,,FALSE,FALSE,,
,,,,,FALSE,FALSE,,
,,,,,FALSE,FALSE,,
,,,,,FALSE,FALSE,,
,,,,,FALSE,FALSE,,
,,,,,FALSE,FALSE,,
,,,,,FALSE,FALSE,,
,,,,,FALSE,FALSE,,
,,,,,FALSE,FALSE,,
,,,,,FALSE,FALSE,,
,,,,,FALSE,FALSE,,
,,,,,FALSE,FALSE,,
,,,,,FALSE,FALSE,,
,,,,,FALSE,FALSE,,
,,,,,FALSE,FALSE,,
,,,,,FALSE,FALSE,,
,,,,,FALSE,FALSE,,
,,,,,FALSE,FALSE,,
,,,,,FALSE,FALSE,,
,,,,,FALSE,FALSE,,
,,,,,FALSE,FALSE,,
,,,,,FALSE,FALSE,,
,,,,,FALSE,FALSE,,
,,,,,FALSE,FALSE,,
,,,,,FALSE,FALSE,,
,,,,,FALSE,FALSE,,
,,,,,FALSE,FALSE,,
,,,,,FALSE,FALSE,,
,,,,,FALSE,FALSE,,
,,,,,FALSE,FALSE,,
,,,,,FALSE,FALSE,,
,,,,,FALSE,FALSE,,
,,,,,FALSE,FALSE,,
,,,,,FALSE,FALSE,,
,,,,,FALSE,FALSE,,
,,,,,FALSE,FALSE,,
,,,,,FALSE,FALSE,,
,,,,,FALSE,FALSE,,
,,,,,FALSE,FALSE,,
,,,,,FALSE,FALSE,,
,,,,,FALSE,FALSE,,
,,,,,FALSE,FALSE,,
,,,,,FALSE,FALSE,,
,,,,,FALSE,FALSE,,
,,,,,FALSE,FALSE,,
,,,,,FALSE,FALSE,,
,,,,,FALSE,FALSE,,
,,,,,FALSE,FALSE,,
,,,,,FALSE,FALSE,,
,,,,,FALSE,FALSE,,
,,,,,FALSE,FALSE,,
,,,,,FALSE,FALSE,,
,,,,,FALSE,FALSE,,
,,,,,FALSE,FALSE,,
,,,,,FALSE,FALSE,,
,,,,,FALSE,FALSE,,
,,,,,FALSE,FALSE,,
,,,,,FALSE,FALSE,,
,,,,,FALSE,FALSE,,
,,,,,FALSE,FALSE,,
,,,,,FALSE,FALSE,,
,,,,,FALSE,FALSE,,
,,,,,FALSE,FALSE,,
,,,,,FALSE,FALSE,,
,,,,,FALSE,FALSE,,
,,,,,FALSE,FALSE,,
,,,,,FALSE,FALSE,,
,,,,,FALSE,FALSE,,
,,,,,FALSE,FALSE,,
,,,,,FALSE,FALSE,,
,,,,,FALSE,FALSE,,
,,,,,FALSE,FALSE,,
,,,,,FALSE,FALSE,,
,,,,,FALSE,FALSE,,
,,,,,FALSE,FALSE,,
,,,,,FALSE,FALSE,,
,,,,,FALSE,FALSE,,
,,,,,FALSE,FALSE,,
,,,,,FALSE,FALSE,,
,,,,,FALSE,FALSE,,
,,,,,FALSE,FALSE,,
,,,,,FALSE,FALSE,,
,,,,,FALSE,FALSE,,
,,,,,FALSE,FALSE,,
,,,,,FALSE,FALSE,,
,,,,,FALSE,FALSE,,
,,,,,FALSE,FALSE,,
,,,,,FALSE,FALSE,,
,,,,,FALSE,FALSE,,
,,,,,FALSE,FALSE,,
,,,,,FALSE,FALSE,,
,,,,,FALSE,FALSE,,
,,,,,FALSE,FALSE,,
,,,,,FALSE,FALSE,,
,,,,,FALSE,FALSE,,
,,,,,FALSE,FALSE,,
,,,,,FALSE,FALSE,,
,,,,,FALSE,FALSE,,
,,,,,FALSE,FALSE,,
,,,,,FALSE,FALSE,,
,,,,,FALSE,FALSE,,
,,,,,FALSE,FALSE,,
,,,,,FALSE,FALSE,,
,,,,,FALSE,FALSE,,
,,,,,FALSE,FALSE,,
,,,,,FALSE,FALSE,,
,,,,,FALSE,FALSE,,
,,,,,FALSE,FALSE,,
,,,,,FALSE,FALSE,,
,,,,,FALSE,FALSE,,
,,,,,FALSE,FALSE,,
,,,,,FALSE,FALSE,,
,,,,,FALSE,FALSE,,
,,,,,FALSE,FALSE,,
,,,,,FALSE,FALSE,,
,,,,,FALSE,FALSE,,
,,,,,FALSE,FALSE,,
,,,,,FALSE,FALSE,,
,,,,,FALSE,FALSE,,
,,,,,FALSE,FALSE,,
,,,,,FALSE,FALSE,,
,,,,,FALSE,FALSE,,
,,,,,FALSE,FALSE,,
,,,,,FALSE,FALSE,,
,,,,,FALSE,FALSE,,
,,,,,FALSE,FALSE,,
,,,,,FALSE,FALSE,,
,,,,,FALSE,FALSE,,
,,,,,FALSE,FALSE,,
,,,,,FALSE,FALSE,,
,,,,,FALSE,FALSE,,
,,,,,FALSE,FALSE,,
,,,,,FALSE,FALSE,,
,,,,,FALSE,FALSE,,
,,,,,FALSE,FALSE,,
,,,,,FALSE,FALSE,,
,,,,,FALSE,FALSE,,
,,,,,FALSE,FALSE,,
,,,,,FALSE,FALSE,,
,,,,,FALSE,FALSE,,
,,,,,FALSE,FALSE,,
,,,,,FALSE,FALSE,,
,,,,,FALSE,FALSE,,
,,,,,FALSE,FALSE,,
,,,,,FALSE,FALSE,,
,,,,,FALSE,FALSE,,
,,,,,FALSE,FALSE,,
,,,,,FALSE,FALSE,,
,,,,,FALSE,FALSE,,
,,,,,FALSE,FALSE,,
,,,,,FALSE,FALSE,,
,,,,,FALSE,FALSE,,
,,,,,FALSE,FALSE,,
,,,,,FALSE,FALSE,,
,,,,,FALSE,FALSE,,
,,,,,FALSE,FALSE,,
,,,,,FALSE,FALSE,,
,,,,,FALSE,FALSE,,
,,,,,FALSE,FALSE,,
,,,,,FALSE,FALSE,,
,,,,,FALSE,FALSE,,
,,,,,FALSE,FALSE,,
,,,,,FALSE,FALSE,,
,,,,,FALSE,FALSE,,
,,,,,FALSE,FALSE,,
,,,,,FALSE,FALSE,,
,,,,,FALSE,FALSE,,
,,,,,FALSE,FALSE,,
,,,,,FALSE,FALSE,,
,,,,,FALSE,FALSE,,
,,,,,FALSE,FALSE,,
,,,,,FALSE,FALSE,,
,,,,,FALSE,FALSE,,
,,,,,FALSE,FALSE,,
,,,,,FALSE,FALSE,,
,,,,,FALSE,FALSE,,
,,,,,FALSE,FALSE,,
,,,,,FALSE,FALSE,,
,,,,,FALSE,FALSE,,
,,,,,FALSE,FALSE,,
,,,,,FALSE,FALSE,,
,,,,,FALSE,FALSE,,
,,,,,FALSE,FALSE,,
,,,,,FALSE,FALSE,,
,,,,,FALSE,FALSE,,
,,,,,FALSE,FALSE,,
,,,,,FALSE,FALSE,,
,,,,,FALSE,FALSE,,
,,,,,FALSE,FALSE,,
,,,,,FALSE,FALSE,,
,,,,,FALSE,FALSE,,
,,,,,FALSE,FALSE,,
,,,,,FALSE,FALSE,,
,,,,,FALSE,FALSE,,
,,,,,FALSE,FALSE,,
,,,,,FALSE,FALSE,,
,,,,,FALSE,FALSE,,
,,,,,FALSE,FALSE,,
,,,,,FALSE,FALSE,,
,,,,,FALSE,FALSE,,
,,,,,FALSE,FALSE,,
,,,,,FALSE,FALSE,,
,,,,,FALSE,FALSE,,
,,,,,FALSE,FALSE,,
,,,,,FALSE,FALSE,,
,,,,,FALSE,FALSE,,
,,,,,FALSE,FALSE,,
,,,,,FALSE,FALSE,,
,,,,,FALSE,FALSE,,
,,,,,FALSE,FALSE,,
,,,,,FALSE,FALSE,,
,,,,,FALSE,FALSE,,
,,,,,FALSE,FALSE,,
,,,,,FALSE,FALSE,,
,,,,,FALSE,FALSE,,
,,,,,FALSE,FALSE,,
,,,,,FALSE,FALSE,,
,,,,,FALSE,FALSE,,
,,,,,FALSE,FALSE,,
,,,,,FALSE,FALSE,,
,,,,,FALSE,FALSE,,
,,,,,FALSE,FALSE,,
,,,,,FALSE,FALSE,,
,,,,,FALSE,FALSE,,
,,,,,FALSE,FALSE,,
,,,,,FALSE,FALSE,,
,,,,,FALSE,FALSE,,
,,,,,FALSE,FALSE,,
,,,,,FALSE,FALSE,,
,,,,,FALSE,FALSE,,
,,,,,FALSE,FALSE,,
,,,,,FALSE,FALSE,,
,,,,,FALSE,FALSE,,
,,,,,FALSE,FALSE,,
,,,,,FALSE,FALSE,,
,,,,,FALSE,FALSE,,
,,,,,FALSE,FALSE,,
,,,,,FALSE,FALSE,,
,,,,,FALSE,FALSE,,
,,,,,FALSE,FALSE,,
,,,,,FALSE,FALSE,,
,,,,,FALSE,FALSE,,
,,,,,FALSE,FALSE,,
,,,,,FALSE,FALSE,,
,,,,,FALSE,FALSE,,
,,,,,FALSE,FALSE,,
,,,,,FALSE,FALSE,,
,,,,,FALSE,FALSE,,
,,,,,FALSE,FALSE,,
,,,,,FALSE,FALSE,,
,,,,,FALSE,FALSE,,
,,,,,FALSE,FALSE,,
,,,,,FALSE,FALSE,,
,,,,,FALSE,FALSE,,
,,,,,FALSE,FALSE,,
,,,,,FALSE,FALSE,,
,,,,,FALSE,FALSE,,
,,,,,FALSE,FALSE,,
,,,,,FALSE,FALSE,,
,,,,,FALSE,FALSE,,
,,,,,FALSE,FALSE,,
,,,,,FALSE,FALSE,,
,,,,,FALSE,FALSE,,
,,,,,FALSE,FALSE,,
,,,,,FALSE,FALSE,,
,,,,,FALSE,FALSE,,
,,,,,FALSE,FALSE,,
,,,,,FALSE,FALSE,,
,,,,,FALSE,FALSE,,
,,,,,FALSE,FALSE,,
,,,,,FALSE,FALSE,,
,,,,,FALSE,FALSE,,
,,,,,FALSE,FALSE,,
,,,,,FALSE,FALSE,,
,,,,,FALSE,FALSE,,
,,,,,FALSE,FALSE,,
,,,,,FALSE,FALSE,,
,,,,,FALSE,FALSE,,
,,,,,FALSE,FALSE,,
,,,,,FALSE,FALSE,,
,,,,,FALSE,FALSE,,
,,,,,FALSE,FALSE,,
,,,,,FALSE,FALSE,,
,,,,,FALSE,FALSE,,
,,,,,FALSE,FALSE,,
,,,,,FALSE,FALSE,,
,,,,,FALSE,FALSE,,
,,,,,FALSE,FALSE,,
,,,,,FALSE,FALSE,,
,,,,,FALSE,FALSE,,
,,,,,FALSE,FALSE,,
,,,,,FALSE,FALSE,,
,,,,,FALSE,FALSE,,
,,,,,FALSE,FALSE,,
,,,,,FALSE,FALSE,,
,,,,,FALSE,FALSE,,
,,,,,FALSE,FALSE,,
,,,,,FALSE,FALSE,,
,,,,,FALSE,FALSE,,
,,,,,FALSE,FALSE,,
,,,,,FALSE,FALSE,,
,,,,,FALSE,FALSE,,
,,,,,FALSE,FALSE,,
,,,,,FALSE,FALSE,,
,,,,,FALSE,FALSE,,
,,,,,FALSE,FALSE,,
,,,,,FALSE,FALSE,,
,,,,,FALSE,FALSE,,
,,,,,FALSE,FALSE,,
,,,,,FALSE,FALSE,,
,,,,,FALSE,FALSE,,
,,,,,FALSE,FALSE,,
,,,,,FALSE,FALSE,,
,,,,,FALSE,FALSE,,
,,,,,FALSE,FALSE,,
,,,,,FALSE,FALSE,,
,,,,,FALSE,FALSE,,
,,,,,FALSE,FALSE,,
,,,,,FALSE,FALSE,,
,,,,,FALSE,FALSE,,
,,,,,FALSE,FALSE,,
,,,,,FALSE,FALSE,,
,,,,,FALSE,FALSE,,
,,,,,FALSE,FALSE,,
,,,,,FALSE,FALSE,,
,,,,,FALSE,FALSE,,
,,,,,FALSE,FALSE,,
,,,,,FALSE,FALSE,,
,,,,,FALSE,FALSE,,
,,,,,FALSE,FALSE,,
,,,,,FALSE,FALSE,,
,,,,,FALSE,FALSE,,
,,,,,FALSE,FALSE,,
,,,,,FALSE,FALSE,,
,,,,,FALSE,FALSE,,
,,,,,FALSE,FALSE,,
,,,,,FALSE,FALSE,,
,,,,,FALSE,FALSE,,
,,,,,FALSE,FALSE,,
,,,,,FALSE,FALSE,,
,,,,,FALSE,FALSE,,
,,,,,FALSE,FALSE,,
,,,,,FALSE,FALSE,,
,,,,,FALSE,FALSE,,
,,,,,FALSE,FALSE,,
,,,,,FALSE,FALSE,,
,,,,,FALSE,FALSE,,
,,,,,FALSE,FALSE,,
,,,,,FALSE,FALSE,,
,,,,,FALSE,FALSE,,
,,,,,FALSE,FALSE,,
,,,,,FALSE,FALSE,,
,,,,,FALSE,FALSE,,
,,,,,FALSE,FALSE,,
,,,,,FALSE,FALSE,,
,,,,,FALSE,FALSE,,
,,,,,FALSE,FALSE,,
,,,,,FALSE,FALSE,,
,,,,,FALSE,FALSE,,
,,,,,FALSE,FALSE,,
,,,,,FALSE,FALSE,,
,,,,,FALSE,FALSE,,
,,,,,FALSE,FALSE,,
,,,,,FALSE,FALSE,,
,,,,,FALSE,FALSE,,
,,,,,FALSE,FALSE,,
,,,,,FALSE,FALSE,,
,,,,,FALSE,FALSE,,
,,,,,FALSE,FALSE,,
,,,,,FALSE,FALSE,,
,,,,,FALSE,FALSE,,
,,,,,FALSE,FALSE,,
,,,,,FALSE,FALSE,,
,,,,,FALSE,FALSE,,
,,,,,FALSE,FALSE,,
,,,,,FALSE,FALSE,,
,,,,,FALSE,FALSE,,
,,,,,FALSE,FALSE,,
,,,,,FALSE,FALSE,,
,,,,,FALSE,FALSE,,
,,,,,FALSE,FALSE,,
,,,,,FALSE,FALSE,,
,,,,,FALSE,FALSE,,
,,,,,FALSE,FALSE,,
,,,,,FALSE,FALSE,,
,,,,,FALSE,FALSE,,
,,,,,FALSE,FALSE,,
,,,,,FALSE,FALSE,,
,,,,,FALSE,FALSE,,
,,,,,FALSE,FALSE,,
,,,,,FALSE,FALSE,,
,,,,,FALSE,FALSE,,
,,,,,FALSE,FALSE,,
,,,,,FALSE,FALSE,,
,,,,,FALSE,FALSE,,
,,,,,FALSE,FALSE,,
,,,,,FALSE,FALSE,,
,,,,,FALSE,FALSE,,
,,,,,FALSE,FALSE,,
,,,,,FALSE,FALSE,,
,,,,,FALSE,FALSE,,
,,,,,FALSE,FALSE,,
,,,,,FALSE,FALSE,,
,,,,,FALSE,FALSE,,
,,,,,FALSE,FALSE,,
,,,,,FALSE,FALSE,,
,,,,,FALSE,FALSE,,
,,,,,FALSE,FALSE,,
,,,,,FALSE,FALSE,,
,,,,,FALSE,FALSE,,
,,,,,FALSE,FALSE,,
,,,,,FALSE,FALSE,,
,,,,,FALSE,FALSE,,
,,,,,FALSE,FALSE,,
,,,,,FALSE,FALSE,,
,,,,,FALSE,FALSE,,
,,,,,FALSE,FALSE,,
,,,,,FALSE,FALSE,,
,,,,,FALSE,FALSE,,
,,,,,FALSE,FALSE,,
,,,,,FALSE,FALSE,,
,,,,,FALSE,FALSE,,
,,,,,FALSE,FALSE,,
,,,,,FALSE,FALSE,,
,,,,,FALSE,FALSE,,
,,,,,FALSE,FALSE,,
,,,,,FALSE,FALSE,,
,,,,,FALSE,FALSE,,
,,,,,FALSE,FALSE,,
,,,,,FALSE,FALSE,,
,,,,,FALSE,FALSE,,
,,,,,FALSE,FALSE,,
,,,,,FALSE,FALSE,,
,,,,,FALSE,FALSE,,
,,,,,FALSE,FALSE,,
,,,,,FALSE,FALSE,,
,,,,,FALSE,FALSE,,
,,,,,FALSE,FALSE,,
,,,,,FALSE,FALSE,,
,,,,,FALSE,FALSE,,
,,,,,FALSE,FALSE,,
,,,,,FALSE,FALSE,,
,,,,,FALSE,FALSE,,
,,,,,FALSE,FALSE,,
,,,,,FALSE,FALSE,,
,,,,,FALSE,FALSE,,
,,,,,FALSE,FALSE,,
,,,,,FALSE,FALSE,,
,,,,,FALSE,FALSE,,
,,,,,FALSE,FALSE,,
,,,,,FALSE,FALSE,,
,,,,,FALSE,FALSE,,
,,,,,FALSE,FALSE,,
,,,,,FALSE,FALSE,,
,,,,,FALSE,FALSE,,
,,,,,FALSE,FALSE,,
,,,,,FALSE,FALSE,,
,,,,,FALSE,FALSE,,
,,,,,FALSE,FALSE,,
,,,,,FALSE,FALSE,,
,,,,,FALSE,FALSE,,
,,,,,FALSE,FALSE,,
,,,,,FALSE,FALSE,,
,,,,,FALSE,FALSE,,
,,,,,FALSE,FALSE,,
,,,,,FALSE,FALSE,,
,,,,,FALSE,FALSE,,
,,,,,FALSE,FALSE,,
,,,,,FALSE,FALSE,,
,,,,,FALSE,FALSE,,
,,,,,FALSE,FALSE,,
,,,,,FALSE,FALSE,,
,,,,,FALSE,FALSE,,
,,,,,FALSE,FALSE,,
,,,,,FALSE,FALSE,,
,,,,,FALSE,FALSE,,
,,,,,FALSE,FALSE,,
,,,,,FALSE,FALSE,,
,,,,,FALSE,FALSE,,
,,,,,FALSE,FALSE,,
,,,,,FALSE,FALSE,,
,,,,,FALSE,FALSE,,
,,,,,FALSE,FALSE,,
,,,,,FALSE,FALSE,,
,,,,,FALSE,FALSE,,
,,,,,FALSE,FALSE,,
,,,,,FALSE,FALSE,,
,,,,,FALSE,FALSE,,
,,,,,FALSE,FALSE,,
,,,,,FALSE,FALSE,,
,,,,,FALSE,FALSE,,
,,,,,FALSE,FALSE,,
,,,,,FALSE,FALSE,,
,,,,,FALSE,FALSE,,
,,,,,FALSE,FALSE,,
,,,,,FALSE,FALSE,,
,,,,,FALSE,FALSE,,
,,,,,FALSE,FALSE,,
,,,,,FALSE,FALSE,,
,,,,,FALSE,FALSE,,
,,,,,FALSE,FALSE,,
,,,,,FALSE,FALSE,,
,,,,,FALSE,FALSE,,
,,,,,FALSE,FALSE,,
,,,,,FALSE,FALSE,,
,,,,,FALSE,FALSE,,
,,,,,FALSE,FALSE,,
,,,,,FALSE,FALSE,,
,,,,,FALSE,FALSE,,
,,,,,FALSE,FALSE,,
,,,,,FALSE,FALSE,,
,,,,,FALSE,FALSE,,
,,,,,FALSE,FALSE,,
,,,,,FALSE,FALSE,,
,,,,,FALSE,FALSE,,
,,,,,FALSE,FALSE,,
,,,,,FALSE,FALSE,,
,,,,,FALSE,FALSE,,
,,,,,FALSE,FALSE,,
,,,,,FALSE,FALSE,,
,,,,,FALSE,FALSE,,
,,,,,FALSE,FALSE,,
,,,,,FALSE,FALSE,,
,,,,,FALSE,FALSE,,
,,,,,FALSE,FALSE,,
,,,,,FALSE,FALSE,,
,,,,,FALSE,FALSE,,
,,,,,FALSE,FALSE,,
,,,,,FALSE,FALSE,,
,,,,,FALSE,FALSE,,
,,,,,FALSE,FALSE,,
,,,,,FALSE,FALSE,,
,,,,,FALSE,FALSE,,
,,,,,FALSE,FALSE,,
,,,,,FALSE,FALSE,,
,,,,,FALSE,FALSE,,
,,,,,FALSE,FALSE,,
,,,,,FALSE,FALSE,,
,,,,,FALSE,FALSE,,
,,,,,FALSE,FALSE,,
,,,,,FALSE,FALSE,,
,,,,,FALSE,FALSE,,
,,,,,FALSE,FALSE,,
,,,,,FALSE,FALSE,,
,,,,,FALSE,FALSE,,
,,,,,FALSE,FALSE,,
,,,,,FALSE,FALSE,,
,,,,,FALSE,FALSE,,
,,,,,FALSE,FALSE,,
,,,,,FALSE,FALSE,,
,,,,,FALSE,FALSE,,
,,,,,FALSE,FALSE,,
,,,,,FALSE,FALSE,,
,,,,,FALSE,FALSE,,
,,,,,FALSE,FALSE,,
,,,,,FALSE,FALSE,,
,,,,,FALSE,FALSE,,
,,,,,FALSE,FALSE,,
,,,,,FALSE,FALSE,,
,,,,,FALSE,FALSE,,
,,,,,FALSE,FALSE,,
,,,,,FALSE,FALSE,,
,,,,,FALSE,FALSE,,
,,,,,FALSE,FALSE,,
,,,,,FALSE,FALSE,,
,,,,,FALSE,FALSE,,
,,,,,FALSE,FALSE,,
,,,,,FALSE,FALSE,,
,,,,,FALSE,FALSE,,
,,,,,FALSE,FALSE,,
,,,,,FALSE,FALSE,,
,,,,,FALSE,FALSE,,
,,,,,FALSE,FALSE,,
,,,,,FALSE,FALSE,,
,,,,,FALSE,FALSE,,
,,,,,FALSE,FALSE,,
,,,,,FALSE,FALSE,,
,,,,,FALSE,FALSE,,
,,,,,FALSE,FALSE,,
,,,,,FALSE,FALSE,,
,,,,,FALSE,FALSE,,
,,,,,FALSE,FALSE,,
,,,,,FALSE,FALSE,,
,,,,,FALSE,FALSE,,
,,,,,FALSE,FALSE,,
,,,,,FALSE,FALSE,,
,,,,,FALSE,FALSE,,
,,,,,FALSE,FALSE,,
,,,,,FALSE,FALSE,,
,,,,,FALSE,FALSE,,
,,,,,FALSE,FALSE,,
,,,,,FALSE,FALSE,,
,,,,,FALSE,FALSE,,
,,,,,FALSE,FALSE,,
,,,,,FALSE,FALSE,,
,,,,,FALSE,FALSE,,
,,,,,FALSE,FALSE,,
,,,,,FALSE,FALSE,,
,,,,,FALSE,FALSE,,
,,,,,FALSE,FALSE,,
,,,,,FALSE,FALSE,,
,,,,,FALSE,FALSE,,
,,,,,FALSE,FALSE,,
,,,,,FALSE,FALSE,,
,,,,,FALSE,FALSE,,
,,,,,FALSE,FALSE,,
,,,,,FALSE,FALSE,,
,,,,,FALSE,FALSE,,
,,,,,FALSE,FALSE,,
,,,,,FALSE,FALSE,,
,,,,,FALSE,FALSE,,
,,,,,FALSE,FALSE,,
,,,,,FALSE,FALSE,,
,,,,,FALSE,FALSE,,
,,,,,FALSE,FALSE,,
,,,,,FALSE,FALSE,,
,,,,,FALSE,FALSE,,
,,,,,FALSE,FALSE,,
,,,,,FALSE,FALSE,,
,,,,,FALSE,FALSE,,
,,,,,FALSE,FALSE,,
,,,,,FALSE,FALSE,,
,,,,,FALSE,FALSE,,
,,,,,FALSE,FALSE,,
,,,,,FALSE,FALSE,,
,,,,,FALSE,FALSE,,
,,,,,FALSE,FALSE,,
,,,,,FALSE,FALSE,,
,,,,,FALSE,FALSE,,
,,,,,FALSE,FALSE,,
,,,,,FALSE,FALSE,,
,,,,,FALSE,FALSE,,
,,,,,FALSE,FALSE,,
,,,,,FALSE,FALSE,,
,,,,,FALSE,FALSE,,
,,,,,FALSE,FALSE,,
,,,,,FALSE,FALSE,,
,,,,,FALSE,FALSE,,
,,,,,FALSE,FALSE,,
,,,,,FALSE,FALSE,,
,,,,,FALSE,FALSE,,
,,,,,FALSE,FALSE,,
,,,,,FALSE,FALSE,,
,,,,,FALSE,FALSE,,
,,,,,FALSE,FALSE,,
,,,,,FALSE,FALSE,,
,,,,,FALSE,FALSE,,
,,,,,FALSE,FALSE,,
,,,,,FALSE,FALSE,,
,,,,,FALSE,FALSE,,
,,,,,FALSE,FALSE,,
,,,,,FALSE,FALSE,,
,,,,,FALSE,FALSE,,
,,,,,FALSE,FALSE,,
,,,,,FALSE,FALSE,,
,,,,,FALSE,FALSE,,
,,,,,FALSE,FALSE,,
,,,,,FALSE,FALSE,,
,,,,,FALSE,FALSE,,
,,,,,FALSE,FALSE,,
,,,,,FALSE,FALSE,,
,,,,,FALSE,FALSE,,
,,,,,FALSE,FALSE,,
,,,,,FALSE,FALSE,,
,,,,,FALSE,FALSE,,
,,,,,FALSE,FALSE,,
,,,,,FALSE,FALSE,,
,,,,,FALSE,FALSE,,
,,,,,FALSE,FALSE,,
,,,,,FALSE,FALSE,,
,,,,,FALSE,FALSE,,
,,,,,FALSE,FALSE,,
,,,,,FALSE,FALSE,,
,,,,,FALSE,FALSE,,
,,,,,FALSE,FALSE,,
,,,,,FALSE,FALSE,,
,,,,,FALSE,FALSE,,
,,,,,FALSE,FALSE,,
,,,,,FALSE,FALSE,,
,,,,,FALSE,FALSE,,
,,,,,FALSE,FALSE,,
,,,,,FALSE,FALSE,,
,,,,,FALSE,FALSE,,
,,,,,FALSE,FALSE,,
,,,,,FALSE,FALSE,,
,,,,,FALSE,FALSE,,
,,,,,FALSE,FALSE,,
,,,,,FALSE,FALSE,,
,,,,,FALSE,FALSE,,
,,,,,FALSE,FALSE,,
,,,,,FALSE,FALSE,,
,,,,,FALSE,FALSE,,
,,,,,FALSE,FALSE,,
,,,,,FALSE,FALSE,,
,,,,,FALSE,FALSE,,
,,,,,FALSE,FALSE,,
,,,,,FALSE,FALSE,,
,,,,,FALSE,FALSE,,
,,,,,FALSE,FALSE,,
,,,,,FALSE,FALSE,,
,,,,,FALSE,FALSE,,
,,,,,FALSE,FALSE,,
,,,,,FALSE,FALSE,,
,,,,,FALSE,FALSE,,
,,,,,FALSE,FALSE,,
,,,,,FALSE,FALSE,,
,,,,,FALSE,FALSE,,
,,,,,FALSE,FALSE,,
,,,,,FALSE,FALSE,,
,,,,,FALSE,FALSE,,
,,,,,FALSE,FALSE,,
,,,,,FALSE,FALSE,,
,,,,,FALSE,FALSE,,
,,,,,FALSE,FALSE,,
,,,,,FALSE,FALSE,,
,,,,,FALSE,FALSE,,
,,,,,FALSE,FALSE,,
,,,,,FALSE,FALSE,,
,,,,,FALSE,FALSE,,
,,,,,FALSE,FALSE,,
,,,,,FALSE,FALSE,,
,,,,,FALSE,FALSE,,
,,,,,FALSE,FALSE,,
,,,,,FALSE,FALSE,,
,,,,,FALSE,FALSE,,
,,,,,FALSE,FALSE,,
,,,,,FALSE,FALSE,,
,,,,,FALSE,FALSE,,
,,,,,FALSE,FALSE,,
,,,,,FALSE,FALSE,,
,,,,,FALSE,FALSE,,
,,,,,FALSE,FALSE,,
,,,,,FALSE,FALSE,,
,,,,,FALSE,FALSE,,
,,,,,FALSE,FALSE,,
,,,,,FALSE,FALSE,,